"Smarter Balanced Assessments, 2014-15"
"All Districts, ELA and Math, All Grades Combined, All Students"

"",,,,,,,"Level 1Not Met",,"Level 2Approaching",,"Level 3Met",,"Level 4Exceeded",,"Level 3&4Met or Exceeded",
"District","District Code","Subject","Total Numberof Students","Total NumberTested","Smarter BalancedParticipationRate","Total Number with Scored Tests","Level 1 Not Met  Count","%","Level 2 Approaching  Count","%","Level 3 Met  Count","%","Level 4 Exceeded  Count","%","Level 3&4 Met or Exceeded Count","%"
"Achievement First Hartford Academy Inc. District","=""2880013""","ELA",551,548,99.5,547,179,32.7,140,25.6,166,30.3,62,11.3,228,41.7
"Achievement First Hartford Academy Inc. District","=""2880013""","Math",551,547,99.3,546,242,44.3,163,29.9,108,19.8,33,6.0,141,25.8
"Amistad Academy District","=""2790013""","ELA",544,541,99.4,541,127,23.5,149,27.5,164,30.3,101,18.7,265,49.0
"Amistad Academy District","=""2790013""","Math",544,540,99.3,540,169,31.3,185,34.3,117,21.7,69,12.8,186,34.4
"Andover School District","=""0010011""","ELA",167,163,97.6,163,6,3.7,27,16.6,43,26.4,87,53.4,130,79.8
"Andover School District","=""0010011""","Math",167,165,98.8,165,9,5.5,41,24.8,48,29.1,67,40.6,115,69.7
"Ansonia School District","=""0020011""","ELA",1225,1205,98.4,1205,397,32.9,361,30.0,305,25.3,142,11.8,447,37.1
"Ansonia School District","=""0020011""","Math",1226,1207,98.5,1207,533,44.2,439,36.4,166,13.8,69,5.7,235,19.5
"Area Cooperative Educational Services","=""2440014""","ELA",1297,1277,98.5,1268,417,32.9,379,29.9,355,28.0,117,9.2,472,37.2
"Area Cooperative Educational Services","=""2440014""","Math",1298,1275,98.2,1272,657,51.7,372,29.2,171,13.4,72,5.7,243,19.1
"Ashford School District","=""0030011""","ELA",253,252,99.6,252,34,13.5,64,25.4,84,33.3,70,27.8,154,61.1
"Ashford School District","=""0030011""","Math",253,249,98.4,248,69,27.8,73,29.4,68,27.4,38,15.3,106,42.7
"Avon School District","=""0040011""","ELA",1841,1812,98.4,1809,101,5.6,220,12.2,624,34.5,864,47.8,1488,82.3
"Avon School District","=""0040011""","Math",1841,1823,99.0,1823,149,8.2,354,19.4,563,30.9,757,41.5,1320,72.4
"Barkhamsted School District","=""0050011""","ELA",205,198,96.6,197,27,13.7,34,17.3,70,35.5,66,33.5,136,69.0
"Barkhamsted School District","=""0050011""","Math",205,197,96.1,197,46,23.4,69,35.0,57,28.9,25,12.7,82,41.6
"Berlin School District","=""0070011""","ELA",1607,1595,99.3,1559,227,14.6,370,23.7,606,38.9,356,22.8,962,61.7
"Berlin School District","=""0070011""","Math",1606,1594,99.3,1575,311,19.7,516,32.8,452,28.7,296,18.8,748,47.5
"Bethany School District","=""0080011""","ELA",240,234,97.5,233,29,12.4,46,19.7,73,31.3,85,36.5,158,67.8
"Bethany School District","=""0080011""","Math",240,234,97.5,234,31,13.2,64,27.4,76,32.5,63,26.9,139,59.4
"Bethel School District","=""0090011""","ELA",1526,1507,98.8,1506,163,10.8,319,21.2,566,37.6,458,30.4,1024,68.0
"Bethel School District","=""0090011""","Math",1526,1512,99.1,1511,361,23.9,525,34.7,395,26.1,230,15.2,625,41.4
"Bloomfield School District","=""0110011""","ELA",907,878,96.8,878,190,21.6,268,30.5,303,34.5,117,13.3,420,47.8
"Bloomfield School District","=""0110011""","Math",906,881,97.2,881,387,43.9,311,35.3,151,17.1,32,3.6,183,20.8
"Bolton School District","=""0120011""","ELA",449,443,98.7,442,46,10.4,67,15.2,166,37.6,163,36.9,329,74.4
"Bolton School District","=""0120011""","Math",449,444,98.9,444,80,18.0,124,27.9,119,26.8,121,27.3,240,54.1
"Bozrah School District","=""0130011""","ELA",129,129,100.0,129,32,24.8,33,25.6,42,32.6,22,17.1,64,49.6
"Bozrah School District","=""0130011""","Math",129,129,100.0,129,46,35.7,33,25.6,37,28.7,13,10.1,50,38.8
"Branford School District","=""0140011""","ELA",1612,1571,97.5,1571,278,17.7,364,23.2,556,35.4,373,23.7,929,59.1
"Branford School District","=""0140011""","Math",1612,1569,97.3,1567,460,29.4,400,25.5,400,25.5,307,19.6,707,45.1
"Bridgeport Achievement First District","=""2850013""","ELA",564,564,100.0,564,196,34.8,164,29.1,131,23.2,73,12.9,204,36.2
"Bridgeport Achievement First District","=""2850013""","Math",564,562,99.6,562,255,45.4,152,27.0,108,19.2,47,8.4,155,27.6
"Bridgeport School District","=""0150011""","ELA",10461,9942,95.0,9905,4863,49.1,2688,27.1,1852,18.7,502,5.1,2354,23.8
"Bridgeport School District","=""0150011""","Math",10462,10109,96.6,10102,6860,67.9,2345,23.2,723,7.2,174,1.7,897,8.9
"Bristol School District","=""0170011""","ELA",4207,4139,98.4,4135,897,21.7,1100,26.6,1424,34.4,714,17.3,2138,51.7
"Bristol School District","=""0170011""","Math",4210,4161,98.8,4160,1483,35.6,1320,31.7,933,22.4,424,10.2,1357,32.6
"Brookfield School District","=""0180011""","ELA",1510,1438,95.2,1430,163,11.4,262,18.3,540,37.8,465,32.5,1005,70.3
"Brookfield School District","=""0180011""","Math",1510,1456,96.4,1454,231,15.9,399,27.4,458,31.5,366,25.2,824,56.7
"Brooklyn School District","=""0190011""","ELA",545,536,98.3,536,55,10.3,119,22.2,204,38.1,158,29.5,362,67.5
"Brooklyn School District","=""0190011""","Math",545,538,98.7,537,147,27.4,205,38.2,120,22.3,65,12.1,185,34.5
"Canaan School District","=""0210011""","ELA",53,52,98.1,52,"*","*",14,26.9,22,42.3,"*","*","*","*"
"Canaan School District","=""0210011""","Math",53,53,100.0,53,9,17.0,18,34.0,20,37.7,6,11.3,26,49.1
"Canterbury School District","=""0220011""","ELA",312,309,99.0,309,52,16.8,94,30.4,113,36.6,50,16.2,163,52.8
"Canterbury School District","=""0220011""","Math",312,309,99.0,309,87,28.2,104,33.7,82,26.5,36,11.7,118,38.2
"Canton School District","=""0230011""","ELA",904,900,99.6,900,79,8.8,146,16.2,336,37.3,339,37.7,675,75.0
"Canton School District","=""0230011""","Math",903,895,99.1,895,132,14.7,255,28.5,263,29.4,245,27.4,508,56.8
"Capitol Region Education Council","=""2410014""","ELA",3499,3348,95.7,3336,860,25.8,830,24.9,1041,31.2,605,18.1,1646,49.3
"Capitol Region Education Council","=""2410014""","Math",3501,3354,95.8,3341,1334,39.9,974,29.2,607,18.2,426,12.8,1033,30.9
"Chaplin School District","=""0240011""","ELA",75,58,77.3,58,18,31.0,9,15.5,12,20.7,19,32.8,31,53.4
"Chaplin School District","=""0240011""","Math",75,58,77.3,58,17,29.3,25,43.1,"*","*","*","*",16,27.6
"Cheshire School District","=""0250011""","ELA",2523,2487,98.6,2486,172,6.9,366,14.7,934,37.6,1014,40.8,1948,78.4
"Cheshire School District","=""0250011""","Math",2523,2486,98.5,2486,379,15.2,652,26.2,754,30.3,701,28.2,1455,58.5
"Chester School District","=""0260011""","ELA",137,137,100.0,137,8,5.8,13,9.5,49,35.8,67,48.9,116,84.7
"Chester School District","=""0260011""","Math",138,138,100.0,138,8,5.8,38,27.5,52,37.7,40,29.0,92,66.7
"Clinton School District","=""0270011""","ELA",1057,1032,97.6,1032,111,10.8,221,21.4,394,38.2,306,29.7,700,67.8
"Clinton School District","=""0270011""","Math",1056,1035,98.0,1034,213,20.6,279,27.0,319,30.9,223,21.6,542,52.4
"Colchester School District","=""0280011""","ELA",1423,1406,98.8,1405,140,10.0,288,20.5,516,36.7,461,32.8,977,69.5
"Colchester School District","=""0280011""","Math",1422,1400,98.5,1399,258,18.4,424,30.3,399,28.5,318,22.7,717,51.3
"Colebrook School District","=""0290011""","ELA",52,48,92.3,48,"*","*","*","*",15,31.3,23,47.9,38,79.2
"Colebrook School District","=""0290011""","Math",52,48,92.3,48,6,12.5,15,31.3,10,20.8,17,35.4,27,56.3
"Columbia School District","=""0300011""","ELA",296,288,97.3,288,35,12.2,66,22.9,107,37.2,80,27.8,187,64.9
"Columbia School District","=""0300011""","Math",296,287,97.0,286,61,21.3,89,31.1,89,31.1,47,16.4,136,47.6
"Common Ground High School District","=""2680013""","ELA",32,32,100.0,32,9,28.1,8,25.0,9,28.1,6,18.8,15,46.9
"Common Ground High School District","=""2680013""","Math",32,32,100.0,32,14,43.8,8,25.0,"*","*","*","*",10,31.3
"Connecticut Technical High School System","=""9000016""","ELA",2523,2435,96.5,2434,472,19.4,829,34.1,886,36.4,247,10.1,1133,46.5
"Connecticut Technical High School System","=""9000016""","Math",2522,2428,96.3,2428,1507,62.1,699,28.8,200,8.2,22,0.9,222,9.1
"Cooperative Educational Services","=""2430014""","ELA",359,355,98.9,355,114,32.1,95,26.8,95,26.8,51,14.4,146,41.1
"Cooperative Educational Services","=""2430014""","Math",358,355,99.2,355,141,39.7,111,31.3,73,20.6,30,8.5,103,29.0
"Cornwall School District","=""0310011""","ELA",65,61,93.8,61,"*","*","*","*",26,42.6,15,24.6,41,67.2
"Cornwall School District","=""0310011""","Math",65,61,93.8,61,11,18.0,13,21.3,24,39.3,13,21.3,37,60.7
"Coventry School District","=""0320011""","ELA",882,849,96.3,848,102,12.0,172,20.3,349,41.2,225,26.5,574,67.7
"Coventry School District","=""0320011""","Math",882,837,94.9,837,181,21.6,281,33.6,240,28.7,135,16.1,375,44.8
"Cromwell School District","=""0330011""","ELA",1071,1067,99.6,1067,142,13.3,228,21.4,398,37.3,299,28.0,697,65.3
"Cromwell School District","=""0330011""","Math",1070,1066,99.6,1066,282,26.5,318,29.8,287,26.9,179,16.8,466,43.7
"Danbury School District","=""0340011""","ELA",5607,4771,85.1,4748,1170,24.6,1314,27.7,1496,31.5,768,16.2,2264,47.7
"Danbury School District","=""0340011""","Math",5607,4848,86.5,4839,1814,37.5,1616,33.4,979,20.2,430,8.9,1409,29.1
"Darien School District","=""0350011""","ELA",2623,2550,97.2,2536,108,4.3,267,10.5,896,35.3,1265,49.9,2161,85.2
"Darien School District","=""0350011""","Math",2623,2528,96.4,2513,186,7.4,418,16.6,786,31.3,1123,44.7,1909,76.0
"Deep River School District","=""0360011""","ELA",199,199,100.0,198,25,12.6,40,20.2,61,30.8,72,36.4,133,67.2
"Deep River School District","=""0360011""","Math",199,199,100.0,199,35,17.6,53,26.6,75,37.7,36,18.1,111,55.8
"Derby School District","=""0370011""","ELA",778,768,98.7,764,228,29.8,215,28.1,226,29.6,95,12.4,321,42.0
"Derby School District","=""0370011""","Math",778,764,98.2,763,334,43.8,251,32.9,139,18.2,39,5.1,178,23.3
"East Granby School District","=""0400011""","ELA",470,468,99.6,468,41,8.8,91,19.4,180,38.5,156,33.3,336,71.8
"East Granby School District","=""0400011""","Math",469,466,99.4,466,69,14.8,124,26.6,135,29.0,138,29.6,273,58.6
"East Haddam School District","=""0410011""","ELA",601,583,97.0,582,74,12.7,100,17.2,235,40.4,173,29.7,408,70.1
"East Haddam School District","=""0410011""","Math",601,582,96.8,582,125,21.5,174,29.9,164,28.2,119,20.4,283,48.6
"East Hampton School District","=""0420011""","ELA",1020,990,97.1,990,132,13.3,225,22.7,367,37.1,266,26.9,633,63.9
"East Hampton School District","=""0420011""","Math",1020,987,96.8,987,219,22.2,339,34.3,291,29.5,138,14.0,429,43.5
"East Hartford School District","=""0430011""","ELA",3472,3389,97.6,3383,1317,38.9,947,28.0,858,25.4,261,7.7,1119,33.1
"East Hartford School District","=""0430011""","Math",3451,3391,98.3,3387,1846,54.5,975,28.8,436,12.9,130,3.8,566,16.7
"East Haven School District","=""0440011""","ELA",1571,1545,98.3,1543,426,27.6,432,28.0,484,31.4,201,13.0,685,44.4
"East Haven School District","=""0440011""","Math",1571,1550,98.7,1549,686,44.3,502,32.4,278,17.9,83,5.4,361,23.3
"East Lyme School District","=""0450011""","ELA",1467,1437,98.0,1437,126,8.8,205,14.3,534,37.2,572,39.8,1106,77.0
"East Lyme School District","=""0450011""","Math",1467,1434,97.8,1434,207,14.4,353,24.6,427,29.8,447,31.2,874,60.9
"East Windsor School District","=""0470011""","ELA",539,535,99.3,532,118,22.2,151,28.4,181,34.0,82,15.4,263,49.4
"East Windsor School District","=""0470011""","Math",539,537,99.6,535,190,35.5,183,34.2,103,19.3,59,11.0,162,30.3
"Eastern Connecticut Regional Educational Service Center (EASTCONN)","=""2530014""","ELA",116,98,84.5,95,63,66.3,"*","*",14,14.7,"*","*","*","*"
"Eastern Connecticut Regional Educational Service Center (EASTCONN)","=""2530014""","Math",116,95,81.9,93,83,89.2,7,7.5,"*","*","*","*","*","*"
"Eastford School District","=""0390011""","ELA",84,84,100.0,84,6,7.1,13,15.5,35,41.7,30,35.7,65,77.4
"Eastford School District","=""0390011""","Math",84,84,100.0,84,12,14.3,25,29.8,26,31.0,21,25.0,47,56.0
"Easton School District","=""0460011""","ELA",635,626,98.6,626,40,6.4,113,18.1,234,37.4,239,38.2,473,75.6
"Easton School District","=""0460011""","Math",635,628,98.9,627,59,9.4,173,27.6,199,31.7,196,31.3,395,63.0
"Education Connection","=""2420014""","ELA",13,"*","*","*","*","*","*","*","*","*","*","*","*","*"
"Education Connection","=""2420014""","Math",13,8,"*",8,"*","*","*","*","*","*","*","*","*","*"
"Ellington School District","=""0480011""","ELA",1456,1432,98.4,1415,148,10.5,229,16.2,509,36.0,529,37.4,1038,73.4
"Ellington School District","=""0480011""","Math",1455,1435,98.6,1415,223,15.8,370,26.1,444,31.4,378,26.7,822,58.1
"Elm City College Preparatory School District","=""2890013""","ELA",356,356,100.0,356,66,18.5,93,26.1,135,37.9,62,17.4,197,55.3
"Elm City College Preparatory School District","=""2890013""","Math",356,356,100.0,356,86,24.2,120,33.7,99,27.8,51,14.3,150,42.1
"Enfield School District","=""0490011""","ELA",2585,2550,98.6,2545,436,17.1,712,28.0,961,37.8,436,17.1,1397,54.9
"Enfield School District","=""0490011""","Math",2584,2542,98.4,2537,706,27.8,946,37.3,639,25.2,246,9.7,885,34.9
"Essex School District","=""0500011""","ELA",267,260,97.4,259,21,8.1,26,10.0,92,35.5,120,46.3,212,81.9
"Essex School District","=""0500011""","Math",267,260,97.4,260,36,13.8,82,31.5,73,28.1,69,26.5,142,54.6
"Explorations District","=""2720013""","ELA",16,16,"*",16,"*","*","*","*","*","*","*","*","*","*"
"Explorations District","=""2720013""","Math",16,16,"*",16,"*","*","*","*","*","*","*","*","*","*"
"Fairfield School District","=""0510011""","ELA",5586,5472,98.0,5468,473,8.7,930,17.0,2115,38.7,1950,35.7,4065,74.3
"Fairfield School District","=""0510011""","Math",5584,5402,96.7,5400,745,13.8,1425,26.4,1766,32.7,1464,27.1,3230,59.8
"Farmington School District","=""0520011""","ELA",2170,2119,97.6,2116,165,7.8,298,14.1,766,36.2,887,41.9,1653,78.1
"Farmington School District","=""0520011""","Math",2173,2104,96.8,2100,273,13.0,487,23.2,591,28.1,749,35.7,1340,63.8
"Franklin School District","=""0530011""","ELA",111,109,98.2,109,16,14.7,19,17.4,45,41.3,29,26.6,74,67.9
"Franklin School District","=""0530011""","Math",111,108,97.3,108,26,24.1,34,31.5,32,29.6,16,14.8,48,44.4
"Glastonbury School District","=""0540011""","ELA",3440,3410,99.1,3407,226,6.6,535,15.7,1255,36.8,1391,40.8,2646,77.7
"Glastonbury School District","=""0540011""","Math",3442,3407,99.0,3407,390,11.4,735,21.6,1009,29.6,1273,37.4,2282,67.0
"Granby School District","=""0560011""","ELA",1086,1013,93.3,1012,76,7.5,177,17.5,429,42.4,330,32.6,759,75.0
"Granby School District","=""0560011""","Math",1086,1009,92.9,1008,122,12.1,274,27.2,342,33.9,270,26.8,612,60.7
"Great Oaks Charter School District","=""2940013""","ELA",116,114,98.3,114,70,61.4,31,27.2,13,11.4,0,0.0,13,11.4
"Great Oaks Charter School District","=""2940013""","Math",116,114,98.3,114,77,67.5,"*","*","*","*",0,0.0,"*","*"
"Greenwich School District","=""0570011""","ELA",4605,4534,98.5,4531,359,7.9,647,14.3,1519,33.5,2006,44.3,3525,77.8
"Greenwich School District","=""0570011""","Math",4604,4581,99.5,4579,669,14.6,990,21.6,1242,27.1,1678,36.6,2920,63.8
"Griswold School District","=""0580011""","ELA",945,932,98.6,930,141,15.2,222,23.9,364,39.1,203,21.8,567,61.0
"Griswold School District","=""0580011""","Math",947,931,98.3,931,266,28.6,299,32.1,240,25.8,126,13.5,366,39.3
"Groton School District","=""0590011""","ELA",2221,2046,92.1,2045,468,22.9,498,24.4,682,33.3,397,19.4,1079,52.8
"Groton School District","=""0590011""","Math",2226,2059,92.5,2058,597,29.0,666,32.4,492,23.9,303,14.7,795,38.6
"Guilford School District","=""0600011""","ELA",1870,1860,99.5,1860,116,6.2,257,13.8,694,37.3,793,42.6,1487,79.9
"Guilford School District","=""0600011""","Math",1870,1860,99.5,1860,208,11.2,466,25.1,562,30.2,624,33.5,1186,63.8
"Hamden School District","=""0620011""","ELA",2842,2694,94.8,2692,591,22.0,660,24.5,827,30.7,614,22.8,1441,53.5
"Hamden School District","=""0620011""","Math",2843,2716,95.5,2712,970,35.8,763,28.1,582,21.5,397,14.6,979,36.1
"Hampton School District","=""0630011""","ELA",47,44,93.6,44,10,22.7,6,13.6,15,34.1,13,29.5,28,63.6
"Hampton School District","=""0630011""","Math",47,43,91.5,43,11,25.6,13,30.2,9,20.9,10,23.3,19,44.2
"Hartford School District","=""0640011""","ELA",10579,9777,92.4,9716,4551,46.8,2568,26.4,1903,19.6,694,7.1,2597,26.7
"Hartford School District","=""0640011""","Math",10576,9934,93.9,9911,6078,61.3,2446,24.7,950,9.6,437,4.4,1387,14.0
"Hartland School District","=""0650011""","ELA",137,135,98.5,135,25,18.5,37,27.4,51,37.8,22,16.3,73,54.1
"Hartland School District","=""0650011""","Math",137,135,98.5,135,33,24.4,44,32.6,46,34.1,12,8.9,58,43.0
"Hebron School District","=""0670011""","ELA",493,492,99.8,491,73,14.9,101,20.6,189,38.5,128,26.1,317,64.6
"Hebron School District","=""0670011""","Math",493,492,99.8,492,84,17.1,167,33.9,167,33.9,74,15.0,241,49.0
"Highville Charter School District","=""2860013""","ELA",212,212,100.0,212,43,20.3,86,40.6,66,31.1,17,8.0,83,39.2
"Highville Charter School District","=""2860013""","Math",212,212,100.0,212,110,51.9,78,36.8,"*","*","*","*",24,11.3
"Integrated Day Charter School District","=""2640013""","ELA",198,197,99.5,195,34,17.4,56,28.7,64,32.8,41,21.0,105,53.8
"Integrated Day Charter School District","=""2640013""","Math",198,198,100.0,195,75,38.5,62,31.8,34,17.4,24,12.3,58,29.7
"Interdistrict School for Arts and Comm District","=""2650013""","ELA",253,251,99.2,251,78,31.1,82,32.7,77,30.7,14,5.6,91,36.3
"Interdistrict School for Arts and Comm District","=""2650013""","Math",253,252,99.6,251,139,55.4,66,26.3,38,15.1,8,3.2,46,18.3
"Jumoke Academy District","=""2610013""","ELA",427,425,99.5,425,124,29.2,141,33.2,111,26.1,49,11.5,160,37.6
"Jumoke Academy District","=""2610013""","Math",427,425,99.5,425,191,44.9,165,38.8,56,13.2,13,3.1,69,16.2
"Kent School District","=""0680011""","ELA",164,162,98.8,162,8,4.9,17,10.5,71,43.8,66,40.7,137,84.6
"Kent School District","=""0680011""","Math",164,162,98.8,162,16,9.9,36,22.2,77,47.5,33,20.4,110,67.9
"Killingly School District","=""0690011""","ELA",1217,1201,98.7,1199,240,20.0,318,26.5,464,38.7,177,14.8,641,53.5
"Killingly School District","=""0690011""","Math",1217,1195,98.2,1194,401,33.6,454,38.0,269,22.5,70,5.9,339,28.4
"Learn","=""2450014""","ELA",582,567,97.4,564,97,17.2,147,26.1,187,33.2,133,23.6,320,56.7
"Learn","=""2450014""","Math",582,570,97.9,568,225,39.6,189,33.3,105,18.5,49,8.6,154,27.1
"Lebanon School District","=""0710011""","ELA",577,559,96.9,559,82,14.7,130,23.3,214,38.3,133,23.8,347,62.1
"Lebanon School District","=""0710011""","Math",577,551,95.5,551,117,21.2,178,32.3,150,27.2,106,19.2,256,46.5
"Ledyard School District","=""0720011""","ELA",1268,1238,97.6,1236,191,15.5,279,22.6,469,37.9,297,24.0,766,62.0
"Ledyard School District","=""0720011""","Math",1269,1244,98.0,1241,285,23.0,409,33.0,322,25.9,225,18.1,547,44.1
"Lisbon School District","=""0730011""","ELA",258,255,98.8,255,35,13.7,55,21.6,110,43.1,55,21.6,165,64.7
"Lisbon School District","=""0730011""","Math",258,255,98.8,255,80,31.4,114,44.7,47,18.4,14,5.5,61,23.9
"Litchfield School District","=""0740011""","ELA",565,557,98.6,555,63,11.4,110,19.8,192,34.6,190,34.2,382,68.8
"Litchfield School District","=""0740011""","Math",565,557,98.6,557,89,16.0,131,23.5,177,31.8,160,28.7,337,60.5
"Madison School District","=""0760011""","ELA",1715,1328,77.4,1323,106,8.0,227,17.2,521,39.4,469,35.4,990,74.8
"Madison School District","=""0760011""","Math",1715,1325,77.3,1324,168,12.7,364,27.5,415,31.3,377,28.5,792,59.8
"Manchester School District","=""0770011""","ELA",3043,2805,92.2,2798,978,35.0,733,26.2,741,26.5,346,12.4,1087,38.8
"Manchester School District","=""0770011""","Math",3042,2804,92.2,2799,1166,41.7,856,30.6,527,18.8,250,8.9,777,27.8
"Mansfield School District","=""0780011""","ELA",782,723,92.5,722,61,8.4,92,12.7,230,31.9,339,47.0,569,78.8
"Mansfield School District","=""0780011""","Math",784,735,93.8,733,70,9.5,165,22.5,183,25.0,315,43.0,498,67.9
"Marlborough School District","=""0790011""","ELA",367,366,99.7,366,37,10.1,53,14.5,124,33.9,152,41.5,276,75.4
"Marlborough School District","=""0790011""","Math",367,366,99.7,366,32,8.7,87,23.8,126,34.4,121,33.1,247,67.5
"Meriden School District","=""0800011""","ELA",3858,3720,96.4,3707,1293,34.9,987,26.6,979,26.4,448,12.1,1427,38.5
"Meriden School District","=""0800011""","Math",3853,3756,97.5,3749,1988,53.0,1087,29.0,505,13.5,169,4.5,674,18.0
"Middletown School District","=""0830011""","ELA",2447,2415,98.7,2413,527,21.8,627,26.0,770,31.9,489,20.3,1259,52.2
"Middletown School District","=""0830011""","Math",2445,2422,99.1,2421,889,36.7,726,30.0,489,20.2,317,13.1,806,33.3
"Milford School District","=""0840011""","ELA",3312,3222,97.3,3216,454,14.1,747,23.2,1206,37.5,809,25.2,2015,62.7
"Milford School District","=""0840011""","Math",3315,3224,97.3,3221,743,23.1,1048,32.5,858,26.6,572,17.8,1430,44.4
"Monroe School District","=""0850011""","ELA",1737,1715,98.7,1712,81,4.7,183,10.7,630,36.8,818,47.8,1448,84.6
"Monroe School District","=""0850011""","Math",1738,1712,98.5,1711,250,14.6,440,25.7,561,32.8,460,26.9,1021,59.7
"Montville School District","=""0860011""","ELA",1239,1223,98.7,1223,219,17.9,298,24.4,429,35.1,277,22.6,706,57.7
"Montville School District","=""0860011""","Math",1239,1223,98.7,1223,347,28.4,436,35.7,284,23.2,156,12.8,440,36.0
"Naugatuck School District","=""0880011""","ELA",2262,2220,98.1,2218,568,25.6,576,26.0,715,32.2,359,16.2,1074,48.4
"Naugatuck School District","=""0880011""","Math",2265,2226,98.3,2224,831,37.4,745,33.5,466,21.0,182,8.2,648,29.1
"New Beginnings Inc., Family Academy District","=""2800013""","ELA",242,242,100.0,242,74,30.6,68,28.1,81,33.5,19,7.9,100,41.3
"New Beginnings Inc., Family Academy District","=""2800013""","Math",242,242,100.0,242,111,45.9,89,36.8,"*","*","*","*",42,17.4
"New Britain School District","=""0890011""","ELA",4810,4679,97.3,4663,2456,52.7,1136,24.4,768,16.5,303,6.5,1071,23.0
"New Britain School District","=""0890011""","Math",4821,4749,98.5,4743,2928,61.7,1135,23.9,498,10.5,182,3.8,680,14.3
"New Canaan School District","=""0900011""","ELA",2249,2196,97.6,2194,93,4.2,298,13.6,763,34.8,1040,47.4,1803,82.2
"New Canaan School District","=""0900011""","Math",2249,2196,97.6,2196,163,7.4,406,18.5,628,28.6,999,45.5,1627,74.1
"New Fairfield School District","=""0910011""","ELA",1381,1201,87.0,1198,168,14.0,242,20.2,463,38.6,325,27.1,788,65.8
"New Fairfield School District","=""0910011""","Math",1381,1179,85.4,1177,263,22.3,370,31.4,319,27.1,225,19.1,544,46.2
"New Hartford School District","=""0920011""","ELA",305,293,96.1,291,32,11.0,38,13.1,109,37.5,112,38.5,221,75.9
"New Hartford School District","=""0920011""","Math",305,288,94.4,288,43,14.9,84,29.2,108,37.5,53,18.4,161,55.9
"New Haven School District","=""0930011""","ELA",10068,9418,93.5,9360,4039,43.2,2602,27.8,1998,21.3,721,7.7,2719,29.0
"New Haven School District","=""0930011""","Math",10061,9497,94.4,9471,5675,59.9,2528,26.7,894,9.4,374,3.9,1268,13.4
"New London School District","=""0950011""","ELA",1601,1551,96.9,1536,604,39.3,464,30.2,352,22.9,116,7.6,468,30.5
"New London School District","=""0950011""","Math",1591,1562,98.2,1553,818,52.7,451,29.0,213,13.7,71,4.6,284,18.3
"New Milford School District","=""0960011""","ELA",2301,2118,92.0,2109,442,21.0,554,26.3,697,33.0,416,19.7,1113,52.8
"New Milford School District","=""0960011""","Math",2301,2133,92.7,2120,542,25.6,731,34.5,551,26.0,296,14.0,847,40.0
"Newington School District","=""0940011""","ELA",2203,2161,98.1,2150,306,14.2,529,24.6,812,37.8,503,23.4,1315,61.2
"Newington School District","=""0940011""","Math",2201,2162,98.2,2157,445,20.6,674,31.2,609,28.2,429,19.9,1038,48.1
"Newtown School District","=""0970011""","ELA",2597,2480,95.5,2476,172,6.9,451,18.2,1031,41.6,822,33.2,1853,74.8
"Newtown School District","=""0970011""","Math",2597,2436,93.8,2435,331,13.6,652,26.8,764,31.4,688,28.3,1452,59.6
"Norfolk School District","=""0980011""","ELA",63,63,100.0,63,13,20.6,13,20.6,18,28.6,19,30.2,37,58.7
"Norfolk School District","=""0980011""","Math",63,63,100.0,63,12,19.0,20,31.7,18,28.6,13,20.6,31,49.2
"North Branford School District","=""0990011""","ELA",1077,1039,96.5,1039,221,21.3,272,26.2,313,30.1,233,22.4,546,52.6
"North Branford School District","=""0990011""","Math",1077,1040,96.6,1039,325,31.3,340,32.7,243,23.4,131,12.6,374,36.0
"North Canaan School District","=""1000011""","ELA",161,154,95.7,154,32,20.8,37,24.0,57,37.0,28,18.2,85,55.2
"North Canaan School District","=""1000011""","Math",161,154,95.7,154,42,27.3,49,31.8,46,29.9,17,11.0,63,40.9
"North Haven School District","=""1010011""","ELA",1744,1437,82.4,1417,288,20.3,367,25.9,450,31.8,312,22.0,762,53.8
"North Haven School District","=""1010011""","Math",1744,1427,81.8,1426,338,23.7,526,36.9,363,25.5,199,14.0,562,39.4
"North Stonington School District","=""1020011""","ELA",381,374,98.2,374,38,10.2,81,21.7,138,36.9,117,31.3,255,68.2
"North Stonington School District","=""1020011""","Math",381,374,98.2,374,65,17.4,100,26.7,100,26.7,109,29.1,209,55.9
"Norwalk School District","=""1030011""","ELA",5737,5556,96.8,5543,1388,25.0,1512,27.3,1682,30.3,961,17.3,2643,47.7
"Norwalk School District","=""1030011""","Math",5739,5639,98.3,5633,2350,41.7,1668,29.6,1055,18.7,560,9.9,1615,28.7
"Norwich Free Academy District","=""9010022""","ELA",547,494,90.3,479,139,29.0,128,26.7,127,26.5,85,17.7,212,44.3
"Norwich Free Academy District","=""9010022""","Math",549,494,90.0,490,251,51.2,122,24.9,81,16.5,36,7.3,117,23.9
"Norwich School District","=""1040011""","ELA",2254,2198,97.5,2191,915,41.8,628,28.7,482,22.0,166,7.6,648,29.6
"Norwich School District","=""1040011""","Math",2251,2208,98.1,2204,1161,52.7,678,30.8,260,11.8,105,4.8,365,16.6
"Odyssey Community School District","=""2630013""","ELA",214,210,98.1,210,30,14.3,58,27.6,84,40.0,38,18.1,122,58.1
"Odyssey Community School District","=""2630013""","Math",214,210,98.1,210,55,26.2,79,37.6,49,23.3,27,12.9,76,36.2
"Old Saybrook School District","=""1060011""","ELA",752,730,97.1,724,54,7.5,156,21.5,303,41.9,211,29.1,514,71.0
"Old Saybrook School District","=""1060011""","Math",752,732,97.3,728,136,18.7,231,31.7,214,29.4,147,20.2,361,49.6
"Orange School District","=""1070011""","ELA",710,695,97.9,692,42,6.1,99,14.3,234,33.8,317,45.8,551,79.6
"Orange School District","=""1070011""","Math",710,700,98.6,699,47,6.7,198,28.3,229,32.8,225,32.2,454,64.9
"Oxford School District","=""1080011""","ELA",1126,1106,98.2,1106,92,8.3,225,20.3,439,39.7,350,31.6,789,71.3
"Oxford School District","=""1080011""","Math",1126,1102,97.9,1102,249,22.6,365,33.1,327,29.7,161,14.6,488,44.3
"Park City Prep Charter School District","=""2830013""","ELA",346,341,98.6,341,137,40.2,108,31.7,88,25.8,8,2.3,96,28.2
"Park City Prep Charter School District","=""2830013""","Math",346,344,99.4,344,178,51.7,119,34.6,33,9.6,14,4.1,47,13.7
"Path Academy District","=""2930013""","ELA",18,"*","*","*","*","*","*","*","*","*","*","*","*","*"
"Path Academy District","=""2930013""","Math",18,7,"*",7,"*","*","*","*","*","*","*","*","*","*"
"Plainfield School District","=""1090011""","ELA",1235,1169,94.7,1168,287,24.6,331,28.3,369,31.6,181,15.5,550,47.1
"Plainfield School District","=""1090011""","Math",1235,1196,96.8,1195,437,36.6,443,37.1,250,20.9,65,5.4,315,26.4
"Plainville School District","=""1100011""","ELA",1255,1244,99.1,1243,222,17.9,319,25.7,464,37.3,238,19.1,702,56.5
"Plainville School District","=""1100011""","Math",1255,1247,99.4,1247,402,32.2,387,31.0,312,25.0,146,11.7,458,36.7
"Plymouth School District","=""1110011""","ELA",799,775,97.0,774,160,20.7,216,27.9,253,32.7,145,18.7,398,51.4
"Plymouth School District","=""1110011""","Math",797,772,96.9,769,262,34.1,233,30.3,200,26.0,74,9.6,274,35.6
"Pomfret School District","=""1120011""","ELA",293,293,100.0,289,20,6.9,54,18.7,114,39.4,101,34.9,215,74.4
"Pomfret School District","=""1120011""","Math",293,293,100.0,289,33,11.4,80,27.7,92,31.8,84,29.1,176,60.9
"Portland School District","=""1130011""","ELA",732,696,95.1,696,45,6.5,109,15.7,265,38.1,277,39.8,542,77.9
"Portland School District","=""1130011""","Math",734,696,94.8,696,95,13.6,187,26.9,225,32.3,189,27.2,414,59.5
"Preston School District","=""1140011""","ELA",282,263,93.3,263,41,15.6,50,19.0,98,37.3,74,28.1,172,65.4
"Preston School District","=""1140011""","Math",282,262,92.9,262,39,14.9,86,32.8,82,31.3,55,21.0,137,52.3
"Putnam School District","=""1160011""","ELA",630,616,97.8,608,163,26.8,177,29.1,173,28.5,95,15.6,268,44.1
"Putnam School District","=""1160011""","Math",630,619,98.3,611,242,39.6,215,35.2,105,17.2,49,8.0,154,25.2
"Redding School District","=""1170011""","ELA",696,643,92.4,636,52,8.2,94,14.8,234,36.8,256,40.3,490,77.0
"Redding School District","=""1170011""","Math",695,629,90.5,628,69,11.0,135,21.5,192,30.6,232,36.9,424,67.5
"Regional School District 01","=""2010012""","ELA",112,96,85.7,96,15,15.6,27,28.1,34,35.4,20,20.8,54,56.3
"Regional School District 01","=""2010012""","Math",112,105,93.8,103,34,33.0,35,34.0,26,25.2,8,7.8,34,33.0
"Regional School District 04","=""2040012""","ELA",481,471,97.9,469,26,5.5,89,19.0,230,49.0,124,26.4,354,75.5
"Regional School District 04","=""2040012""","Math",481,470,97.7,470,96,20.4,151,32.1,147,31.3,76,16.2,223,47.4
"Regional School District 05","=""2050012""","ELA",1158,1096,94.6,1096,164,15.0,173,15.8,424,38.7,335,30.6,759,69.3
"Regional School District 05","=""2050012""","Math",1158,1101,95.1,1099,236,21.5,253,23.0,265,24.1,345,31.4,610,55.5
"Regional School District 06","=""2060012""","ELA",446,409,91.7,408,43,10.5,109,26.7,151,37.0,105,25.7,256,62.7
"Regional School District 06","=""2060012""","Math",446,401,89.9,401,114,28.4,129,32.2,102,25.4,56,14.0,158,39.4
"Regional School District 07","=""2070012""","ELA",524,501,95.6,498,97,19.5,101,20.3,179,35.9,121,24.3,300,60.2
"Regional School District 07","=""2070012""","Math",524,498,95.0,496,127,25.6,111,22.4,140,28.2,118,23.8,258,52.0
"Regional School District 08","=""2080012""","ELA",821,814,99.1,808,90,11.1,164,20.3,348,43.1,206,25.5,554,68.6
"Regional School District 08","=""2080012""","Math",821,814,99.1,808,178,22.0,204,25.2,220,27.2,206,25.5,426,52.7
"Regional School District 09","=""2090012""","ELA",251,74,29.5,73,"*","*","*","*",25,34.2,37,50.7,62,84.9
"Regional School District 09","=""2090012""","Math",251,92,36.7,92,12,13.0,17,18.5,31,33.7,32,34.8,63,68.5
"Regional School District 10","=""2100012""","ELA",1358,1337,98.5,1335,107,8.0,244,18.3,523,39.2,461,34.5,984,73.7
"Regional School District 10","=""2100012""","Math",1358,1335,98.3,1335,163,12.2,377,28.2,426,31.9,369,27.6,795,59.6
"Regional School District 11","=""2110012""","ELA",143,142,99.3,140,28,20.0,31,22.1,63,45.0,18,12.9,81,57.9
"Regional School District 11","=""2110012""","Math",143,139,97.2,139,70,50.4,48,34.5,"*","*","*","*",21,15.1
"Regional School District 12","=""2120012""","ELA",411,405,98.5,403,36,8.9,73,18.1,155,38.5,139,34.5,294,73.0
"Regional School District 12","=""2120012""","Math",413,407,98.5,403,70,17.4,122,30.3,116,28.8,95,23.6,211,52.4
"Regional School District 13","=""2130012""","ELA",1007,994,98.7,994,110,11.1,241,24.2,384,38.6,259,26.1,643,64.7
"Regional School District 13","=""2130012""","Math",1009,992,98.3,992,214,21.6,332,33.5,266,26.8,180,18.1,446,45.0
"Regional School District 14","=""2140012""","ELA",899,878,97.7,878,128,14.6,196,22.3,334,38.0,220,25.1,554,63.1
"Regional School District 14","=""2140012""","Math",899,877,97.6,877,197,22.5,296,33.8,233,26.6,151,17.2,384,43.8
"Regional School District 15","=""2150012""","ELA",2171,2129,98.1,2124,150,7.1,301,14.2,842,39.6,831,39.1,1673,78.8
"Regional School District 15","=""2150012""","Math",2170,2122,97.8,2121,258,12.2,604,28.5,659,31.1,600,28.3,1259,59.4
"Regional School District 16","=""2160012""","ELA",1260,1219,96.7,1218,217,17.8,307,25.2,452,37.1,242,19.9,694,57.0
"Regional School District 16","=""2160012""","Math",1260,1194,94.8,1193,301,25.2,368,30.8,341,28.6,183,15.3,524,43.9
"Regional School District 17","=""2170012""","ELA",1248,1238,99.2,1238,105,8.5,234,18.9,479,38.7,420,33.9,899,72.6
"Regional School District 17","=""2170012""","Math",1248,1239,99.3,1239,233,18.8,366,29.5,328,26.5,312,25.2,640,51.7
"Regional School District 18","=""2180012""","ELA",754,736,97.6,734,41,5.6,123,16.8,273,37.2,297,40.5,570,77.7
"Regional School District 18","=""2180012""","Math",755,729,96.6,728,79,10.9,156,21.4,219,30.1,274,37.6,493,67.7
"Regional School District 19","=""2190012""","ELA",277,53,19.1,53,13,24.5,15,28.3,17,32.1,8,15.1,25,47.2
"Regional School District 19","=""2190012""","Math",277,52,18.8,52,21,40.4,14,26.9,11,21.2,6,11.5,17,32.7
"Ridgefield School District","=""1180011""","ELA",2837,2560,90.2,2558,124,4.8,336,13.1,866,33.9,1232,48.2,2098,82.0
"Ridgefield School District","=""1180011""","Math",2837,2522,88.9,2522,243,9.6,608,24.1,823,32.6,848,33.6,1671,66.3
"Rocky Hill School District","=""1190011""","ELA",1313,1208,92.0,1207,123,10.2,192,15.9,457,37.9,435,36.0,892,73.9
"Rocky Hill School District","=""1190011""","Math",1314,1210,92.1,1210,216,17.9,348,28.8,343,28.3,303,25.0,646,53.4
"Salem School District","=""1210011""","ELA",266,266,100.0,266,23,8.6,43,16.2,102,38.3,98,36.8,200,75.2
"Salem School District","=""1210011""","Math",266,266,100.0,266,27,10.2,49,18.4,96,36.1,94,35.3,190,71.4
"Salisbury School District","=""1220011""","ELA",165,162,98.2,162,8,4.9,19,11.7,49,30.2,86,53.1,135,83.3
"Salisbury School District","=""1220011""","Math",165,163,98.8,163,21,12.9,40,24.5,51,31.3,51,31.3,102,62.6
"Scotland School District","=""1230011""","ELA",68,68,100.0,68,8,11.8,16,23.5,22,32.4,22,32.4,44,64.7
"Scotland School District","=""1230011""","Math",68,67,98.5,67,12,17.9,21,31.3,17,25.4,17,25.4,34,50.7
"Seymour School District","=""1240011""","ELA",1261,1242,98.5,1242,247,19.9,297,23.9,440,35.4,258,20.8,698,56.2
"Seymour School District","=""1240011""","Math",1261,1240,98.3,1238,356,28.8,377,30.5,282,22.8,223,18.0,505,40.8
"Sharon School District","=""1250011""","ELA",109,87,79.8,87,28,32.2,19,21.8,26,29.9,14,16.1,40,46.0
"Sharon School District","=""1250011""","Math",109,87,79.8,87,25,28.7,33,37.9,22,25.3,7,8.0,29,33.3
"Shelton School District","=""1260011""","ELA",2738,2702,98.7,2701,339,12.6,523,19.4,990,36.7,849,31.4,1839,68.1
"Shelton School District","=""1260011""","Math",2735,2705,98.9,2704,531,19.6,839,31.0,771,28.5,563,20.8,1334,49.3
"Sherman School District","=""1270011""","ELA",224,119,53.1,117,18,15.4,21,17.9,45,38.5,33,28.2,78,66.7
"Sherman School District","=""1270011""","Math",224,120,53.6,117,22,18.8,35,29.9,39,33.3,21,17.9,60,51.3
"Side By Side Charter School District","=""2700013""","ELA",129,129,100.0,129,12,9.3,36,27.9,53,41.1,28,21.7,81,62.8
"Side By Side Charter School District","=""2700013""","Math",129,129,100.0,129,26,20.2,47,36.4,37,28.7,19,14.7,56,43.4
"Simsbury School District","=""1280011""","ELA",2335,2301,98.5,2300,140,6.1,322,14.0,760,33.0,1078,46.9,1838,79.9
"Simsbury School District","=""1280011""","Math",2332,2301,98.7,2299,289,12.6,520,22.6,690,30.0,800,34.8,1490,64.8
"Somers School District","=""1290011""","ELA",834,828,99.3,827,91,11.0,179,21.6,321,38.8,236,28.5,557,67.4
"Somers School District","=""1290011""","Math",832,827,99.4,826,172,20.8,266,32.2,239,28.9,149,18.0,388,47.0
"South Windsor School District","=""1320011""","ELA",2208,2017,91.3,2016,215,10.7,369,18.3,699,34.7,733,36.4,1432,71.0
"South Windsor School District","=""1320011""","Math",2208,2016,91.3,2015,285,14.1,492,24.4,546,27.1,692,34.3,1238,61.4
"Southington School District","=""1310011""","ELA",3544,3502,98.8,3496,437,12.5,731,20.9,1325,37.9,1003,28.7,2328,66.6
"Southington School District","=""1310011""","Math",3542,3501,98.8,3498,574,16.4,1000,28.6,1172,33.5,752,21.5,1924,55.0
"Sprague School District","=""1330011""","ELA",230,227,98.7,227,42,18.5,64,28.2,87,38.3,34,15.0,121,53.3
"Sprague School District","=""1330011""","Math",231,230,99.6,230,61,26.5,97,42.2,48,20.9,24,10.4,72,31.3
"Stafford School District","=""1340011""","ELA",816,803,98.4,803,105,13.1,170,21.2,313,39.0,215,26.8,528,65.8
"Stafford School District","=""1340011""","Math",815,802,98.4,802,159,19.8,268,33.4,250,31.2,125,15.6,375,46.8
"Stamford Academy District","=""2820013""","ELA",34,19,55.9,18,"*","*","*","*","*","*","*","*","*","*"
"Stamford Academy District","=""2820013""","Math",34,21,61.8,21,"*","*","*","*",0,0.0,0,0.0,0,0.0
"Stamford School District","=""1350011""","ELA",8056,7786,96.6,7774,1968,25.3,1988,25.6,2359,30.3,1459,18.8,3818,49.1
"Stamford School District","=""1350011""","Math",8057,7850,97.4,7842,2869,36.6,2080,26.5,1661,21.2,1232,15.7,2893,36.9
"Sterling School District","=""1360011""","ELA",315,312,99.0,311,74,23.8,95,30.5,97,31.2,45,14.5,142,45.7
"Sterling School District","=""1360011""","Math",315,310,98.4,310,128,41.3,122,39.4,50,16.1,10,3.2,60,19.4
"Stonington School District","=""1370011""","ELA",1194,1009,84.5,1005,135,13.4,206,20.5,319,31.7,345,34.3,664,66.1
"Stonington School District","=""1370011""","Math",1195,1001,83.8,1000,183,18.3,252,25.2,299,29.9,266,26.6,565,56.5
"Stratford School District","=""1380011""","ELA",3774,3697,98.0,3692,794,21.5,984,26.7,1226,33.2,688,18.6,1914,51.8
"Stratford School District","=""1380011""","Math",3771,3701,98.1,3698,1618,43.8,1221,33.0,617,16.7,242,6.5,859,23.2
"Suffield School District","=""1390011""","ELA",1273,1232,96.8,1228,125,10.2,232,18.9,478,38.9,393,32.0,871,70.9
"Suffield School District","=""1390011""","Math",1273,1227,96.4,1227,238,19.4,403,32.8,375,30.6,211,17.2,586,47.8
"The Bridge Academy District","=""2690013""","ELA",136,135,99.3,135,"*","*",60,44.4,37,27.4,"*","*","*","*"
"The Bridge Academy District","=""2690013""","Math",136,135,99.3,135,71,52.6,52,38.5,"*","*","*","*",12,8.9
"The Gilbert School District","=""9020022""","ELA",284,230,81.0,230,79,34.3,78,33.9,66,28.7,7,3.0,73,31.7
"The Gilbert School District","=""9020022""","Math",285,237,83.2,237,124,52.3,71,30.0,31,13.1,11,4.6,42,17.7
"Thomaston School District","=""1400011""","ELA",508,502,98.8,501,87,17.4,131,26.1,198,39.5,85,17.0,283,56.5
"Thomaston School District","=""1400011""","Math",508,505,99.4,503,120,23.9,168,33.4,138,27.4,77,15.3,215,42.7
"Thompson School District","=""1410011""","ELA",574,549,95.6,547,110,20.1,160,29.3,207,37.8,70,12.8,277,50.6
"Thompson School District","=""1410011""","Math",575,548,95.3,547,216,39.5,200,36.6,99,18.1,32,5.9,131,23.9
"Tolland School District","=""1420011""","ELA",1471,1423,96.7,1423,161,11.3,263,18.5,542,38.1,457,32.1,999,70.2
"Tolland School District","=""1420011""","Math",1470,1426,97.0,1424,152,10.7,383,26.9,511,35.9,378,26.5,889,62.4
"Torrington School District","=""1430011""","ELA",2332,2165,92.8,2157,538,24.9,599,27.8,718,33.3,302,14.0,1020,47.3
"Torrington School District","=""1430011""","Math",2334,2153,92.2,2150,873,40.6,759,35.3,406,18.9,112,5.2,518,24.1
"Trailblazers Academy District","=""2780013""","ELA",133,132,99.2,131,84,64.1,29,22.1,"*","*","*","*",18,13.7
"Trailblazers Academy District","=""2780013""","Math",133,131,98.5,131,108,82.4,16,12.2,"*","*","*","*",7,5.3
"Trumbull School District","=""1440011""","ELA",3566,3166,88.8,3162,324,10.2,592,18.7,1128,35.7,1118,35.4,2246,71.0
"Trumbull School District","=""1440011""","Math",3566,3168,88.8,3167,455,14.4,800,25.3,944,29.8,968,30.6,1912,60.4
"Unified School District #2","=""3470015""","ELA",71,57,80.3,49,39,79.6,7,14.3,"*","*","*","*","*","*"
"Unified School District #2","=""3470015""","Math",73,56,76.7,51,"*","*","*","*",0,0.0,0,0.0,0,0.0
"Union School District","=""1450011""","ELA",54,54,100.0,54,"*","*",15,27.8,24,44.4,"*","*","*","*"
"Union School District","=""1450011""","Math",54,54,100.0,54,9,16.7,16,29.6,18,33.3,11,20.4,29,53.7
"Vernon School District","=""1460011""","ELA",1601,1553,97.0,1551,441,28.4,423,27.3,447,28.8,240,15.5,687,44.3
"Vernon School District","=""1460011""","Math",1603,1552,96.8,1552,586,37.8,529,34.1,323,20.8,114,7.3,437,28.2
"Voluntown School District","=""1470011""","ELA",195,194,99.5,194,26,13.4,36,18.6,76,39.2,56,28.9,132,68.0
"Voluntown School District","=""1470011""","Math",195,194,99.5,194,38,19.6,60,30.9,66,34.0,30,15.5,96,49.5
"Wallingford School District","=""1480011""","ELA",3256,3184,97.8,3182,564,17.7,785,24.7,1170,36.8,663,20.8,1833,57.6
"Wallingford School District","=""1480011""","Math",3258,3194,98.0,3194,775,24.3,1078,33.8,829,26.0,512,16.0,1341,42.0
"Waterbury School District","=""1510011""","ELA",9485,9273,97.8,9250,4474,48.4,2383,25.8,1794,19.4,599,6.5,2393,25.9
"Waterbury School District","=""1510011""","Math",9492,9344,98.4,9338,5858,62.7,2258,24.2,973,10.4,249,2.7,1222,13.1
"Waterford School District","=""1520011""","ELA",1406,1394,99.1,1392,170,12.2,303,21.8,554,39.8,365,26.2,919,66.0
"Waterford School District","=""1520011""","Math",1406,1395,99.2,1395,354,25.4,461,33.0,347,24.9,233,16.7,580,41.6
"Watertown School District","=""1530011""","ELA",1531,1383,90.3,1382,217,15.7,332,24.0,531,38.4,302,21.9,833,60.3
"Watertown School District","=""1530011""","Math",1526,1373,90.0,1373,402,29.3,475,34.6,332,24.2,164,11.9,496,36.1
"West Hartford School District","=""1550011""","ELA",5222,4973,95.2,4961,510,10.3,862,17.4,1766,35.6,1823,36.7,3589,72.3
"West Hartford School District","=""1550011""","Math",5224,4955,94.9,4949,935,18.9,1309,26.4,1425,28.8,1280,25.9,2705,54.7
"West Haven School District","=""1560011""","ELA",3074,3008,97.9,3007,848,28.2,824,27.4,923,30.7,412,13.7,1335,44.4
"West Haven School District","=""1560011""","Math",3076,3014,98.0,3012,1283,42.6,999,33.2,533,17.7,197,6.5,730,24.2
"Westbrook School District","=""1540011""","ELA",398,336,84.4,336,18,5.4,47,14.0,124,36.9,147,43.8,271,80.7
"Westbrook School District","=""1540011""","Math",398,337,84.7,337,35,10.4,97,28.8,112,33.2,93,27.6,205,60.8
"Weston School District","=""1570011""","ELA",1349,1239,91.8,1235,78,6.3,190,15.4,496,40.2,471,38.1,967,78.3
"Weston School District","=""1570011""","Math",1350,1237,91.6,1235,104,8.4,267,21.6,398,32.2,466,37.7,864,70.0
"Westport School District","=""1580011""","ELA",3177,2780,87.5,2780,113,4.1,300,10.8,1007,36.2,1360,48.9,2367,85.1
"Westport School District","=""1580011""","Math",3178,2784,87.6,2784,251,9.0,506,18.2,799,28.7,1228,44.1,2027,72.8
"Wethersfield School District","=""1590011""","ELA",1932,1794,92.9,1788,329,18.4,443,24.8,615,34.4,401,22.4,1016,56.8
"Wethersfield School District","=""1590011""","Math",1932,1804,93.4,1803,466,25.8,567,31.4,483,26.8,287,15.9,770,42.7
"Willington School District","=""1600011""","ELA",282,274,97.2,274,54,19.7,71,25.9,96,35.0,53,19.3,149,54.4
"Willington School District","=""1600011""","Math",282,275,97.5,274,54,19.7,93,33.9,83,30.3,44,16.1,127,46.4
"Wilton School District","=""1610011""","ELA",2370,2320,97.9,2318,222,9.6,390,16.8,966,41.7,740,31.9,1706,73.6
"Wilton School District","=""1610011""","Math",2370,2316,97.7,2315,315,13.6,674,29.1,725,31.3,601,26.0,1326,57.3
"Winchester School District","=""1620011""","ELA",315,310,98.4,306,87,28.4,84,27.5,75,24.5,60,19.6,135,44.1
"Winchester School District","=""1620011""","Math",314,313,99.7,310,129,41.6,89,28.7,61,19.7,31,10.0,92,29.7
"Windham School District","=""1630011""","ELA",1580,1538,97.3,1532,684,44.6,426,27.8,316,20.6,106,6.9,422,27.5
"Windham School District","=""1630011""","Math",1581,1544,97.7,1538,835,54.3,428,27.8,192,12.5,83,5.4,275,17.9
"Windsor Locks School District","=""1650011""","ELA",878,862,98.2,861,243,28.2,235,27.3,272,31.6,111,12.9,383,44.5
"Windsor Locks School District","=""1650011""","Math",880,867,98.5,864,308,35.6,313,36.2,185,21.4,58,6.7,243,28.1
"Windsor School District","=""1640011""","ELA",1606,1430,89.0,1428,409,28.6,366,25.6,423,29.6,230,16.1,653,45.7
"Windsor School District","=""1640011""","Math",1605,1437,89.5,1433,535,37.3,424,29.6,288,20.1,186,13.0,474,33.1
"Wolcott School District","=""1660011""","ELA",1336,1330,99.6,1330,194,14.6,324,24.4,503,37.8,309,23.2,812,61.1
"Wolcott School District","=""1660011""","Math",1337,1333,99.7,1332,272,20.4,447,33.6,386,29.0,227,17.0,613,46.0
"Woodbridge School District","=""1670011""","ELA",446,421,94.4,420,38,9.0,76,18.1,130,31.0,176,41.9,306,72.9
"Woodbridge School District","=""1670011""","Math",446,422,94.6,422,53,12.6,111,26.3,109,25.8,149,35.3,258,61.1
"Woodstock Academy District","=""9030022""","ELA",242,54,22.3,53,"*","*","*","*",17,32.1,24,45.3,41,77.4
"Woodstock Academy District","=""9030022""","Math",242,54,22.3,53,9,17.0,13,24.5,14,26.4,17,32.1,31,58.5
"Woodstock School District","=""1690011""","ELA",597,583,97.7,581,70,12.0,101,17.4,219,37.7,191,32.9,410,70.6
"Woodstock School District","=""1690011""","Math",597,582,97.5,581,108,18.6,197,33.9,165,28.4,111,19.1,276,47.5

